session_id,label,stroke_idx,frame_idx,timestamp,fk_x,fk_y,fk_z,q_w,q_x,q_y,q_z
1771774507,A,46432,0,1771774507.9145453,0,0,0,1,0,0,0
1771774507,A,46432,1,1771774507.914606,-0.0001233695410737673,0.00014172546473301129,-0.0010680308509995462,1,0,0,0
1771774507,A,46432,2,1771774507.9146369,-0.00014031042093338997,0.00021353689310599222,-0.0015829883554313723,1,0,0,0
1771774507,A,46432,3,1771774507.9146607,-0.00011812934026909222,0.0003376615636431213,-0.002452911081497547,1,0,0,0
1771774507,A,46432,4,1771774507.9146829,-2.518428769894554e-06,0.00043702449206650673,-0.0030714216330324506,1,0,0,0
1771774507,A,46432,5,1771774507.914727,1.0478280575182408e-05,0.00045364678511239376,-0.003174982986445238,1,0,0,0
1771774507,A,46432,6,1771774507.9147506,-8.839167126834663e-05,0.0005276713979931458,-0.0037998274845422522,1,0,0,0
1771774507,A,46432,7,1771774507.9147737,-6.224257794655574e-05,0.0005350735764585446,-0.0038216433248720594,1,0,0,0
1771774507,A,46432,8,1771774507.9147952,-9.103682832251742e-05,0.0005306029390088618,-0.003818043254747293,1,0,0,0
1771774507,A,46432,9,1771774507.9148173,-0.00010444440298428004,0.0005246131693341649,-0.0037860698321125347,1,0,0,0
1771774507,A,46432,10,1771774507.9148383,-9.333903125605114e-05,0.0005059807464649069,-0.0036378020710597786,1,0,0,0
1771774507,A,46432,11,1771774507.9148595,-6.842924466676781e-05,0.0004959501172541181,-0.0035440693422746222,1,0,0,0
1771774507,A,46432,12,1771774507.9148803,4.188688169382698e-05,0.0004373993265498477,-0.003019925617694222,1,0,0,0
1771774507,A,46432,13,1771774507.9149005,0.00010240360730955078,0.00035186113836027655,-0.0023356195309203742,1,0,0,0
1771774507,A,46432,14,1771774507.9149203,0.0001772297127629191,0.00022592230838247573,-0.0013479270293401333,1,0,0,0
1771774507,A,46432,15,1771774507.9149404,0.00024721671210646556,6.767332708967899e-05,-0.00015007038478283968,1,0,0,0
1771774507,A,46432,16,1771774507.916154,0.00026698128344509325,-0.00011624658079867345,0.0011579825637953456,1,0,0,0
1771774507,A,46432,17,1771774507.9161823,0.0002729819400612357,-0.0003235665805714216,0.0025819118164597116,1,0,0,0
1771774507,A,46432,18,1771774507.916201,0.0002984648926014355,-0.0005609942764419618,0.004189777454949001,1,0,0,0
1771774507,A,46432,19,1771774507.9162197,0.00030386357604308967,-0.0006924489737168971,0.0050592194251006944,1,0,0,0
1771774507,A,46432,20,1771774507.916238,0.00024131697673276942,-0.0011327913828853564,0.007805279915943819,1,0,0,0
1771774507,A,46432,21,1771774507.916256,0.0002310012186123242,-0.0014427218284606136,0.009676867441166415,1,0,0,0
1771774507,A,46432,22,1771774507.916274,0.0002693437581522129,-0.0015985144147603325,0.010627993529863808,1,0,0,0
1771774507,A,46432,23,1771774507.9162931,0.00044397423906739064,-0.0019065395190583923,0.012537235569881927,1,0,0,0
1771774507,A,46432,24,1771774507.9163115,0.0008584299825201286,-0.0023422725924231447,0.015254900942248337,1,0,0,0
1771774507,A,46432,25,1771774507.9163296,0.0012108158439771283,-0.0026014282210988227,0.016877395580394916,1,0,0,0
1771774507,A,46432,26,1771774507.9163485,0.0014149524239505662,-0.002720852623573633,0.017631209663869912,1,0,0,0
1771774507,A,46432,27,1771774507.916366,0.0021799192598154007,-0.0030290328518134957,0.019664390863624023,1,0,0,0
1771774507,A,46432,28,1771774507.9163837,0.0028024808645168986,-0.003190605703779603,0.02082797643216025,1,0,0,0
1771774507,A,46432,29,1771774507.9164026,0.0034862938025497087,-0.003309896818861846,0.021772320987248794,1,0,0,0
1771774507,A,46432,30,1771774507.9164257,0.004205930802891056,-0.0033951814185133045,0.022534261212517503,1,0,0,0
1771774507,A,46432,31,1771774507.9164426,0.004941493445690122,-0.0034479589024670187,0.023121139195083712,1,0,0,0
1771774507,A,46432,32,1771774507.916456,0.005675728010891161,-0.003459662034479949,0.02349123438653665,1,0,0,0
1771774507,A,46432,33,1771774507.9164693,0.006055659357213347,-0.0034467271814100364,0.023585626342657706,1,0,0,0
1771774507,A,46432,34,1771774507.9164822,0.006821600601403459,-0.0033791979094597857,0.02356813113577702,1,0,0,0
1771774507,A,46432,35,1771774507.916495,0.007533541932283332,-0.0032453468514019312,0.023189721394486246,1,0,0,0
1771774507,A,46432,36,1771774507.916508,0.008118266366444526,-0.0030423466213210237,0.022398496832834985,1,0,0,0
1771774507,A,46432,37,1771774507.916521,0.008607307225295693,-0.0027782796583732394,0.021243525017203113,1,0,0,0
1771774507,A,46432,38,1771774507.9165337,0.00908862833140378,-0.0024724099530033516,0.019849156417828445,1,0,0,0
1771774507,A,46432,39,1771774507.9165468,0.009339343271009007,-0.0023101761356609796,0.019092321930910705,1,0,0,0
1771774507,A,46432,40,1771774507.91656,0.009851212635764252,-0.001978603530604195,0.017508094063751492,1,0,0,0
1771774507,A,46432,41,1771774507.9165792,0.01042211762129363,-0.0016274419661239659,0.01581647527927943,1,0,0,0
1771774507,A,46432,42,1771774507.9165921,0.011090447619098748,-0.001252111335682149,0.013998286641489208,1,0,0,0
1771774507,A,46432,43,1771774507.9166045,0.012242599926842818,-0.0007287574087840865,0.011453754379726871,1,0,0,0
1771774507,A,46432,44,1771774507.916617,0.01334075901126161,-0.00031623569122518624,0.009461433697135577,1,0,0,0
1771774507,A,46432,45,1771774507.916629,0.014071493527559584,-6.9591930236923e-05,0.00826367341094797,1,0,0,0
1771774507,A,46432,46,1771774507.916644,0.014765918102706634,0.00018302900477162876,0.006986107189200591,1,0,0,0
1771774507,A,46432,47,1771774507.9166565,0.01535987946361004,0.00042774467231154745,0.0056869571017121034,1,0,0,0
1771774507,A,46432,48,1771774507.9166687,0.015874320624098475,0.0006447177378848812,0.004508554979875859,1,0,0,0
1771774507,A,46432,49,1771774507.9166813,0.01634031377010862,0.0008538974255748455,0.003335419088488542,1,0,0,0
1771774507,A,46432,50,1771774507.9166937,0.016756798059936902,0.001070532166930649,0.0020481472424386804,1,0,0,0
1771774507,A,46432,51,1771774507.916706,0.01708604146517048,0.0012862837184761666,0.0007003099485226455,1,0,0,0
1771774507,A,46432,52,1771774507.9167185,0.01731275126156237,0.0014931800552477892,-0.0006535895222567617,1,0,0,0
1771774507,A,46432,53,1771774507.916731,0.017537325258878154,0.0016907736113552785,-0.0019784488151091545,1,0,0,0
1771774507,A,46432,54,1771774507.9167435,0.017869087826716923,0.0019232790083804074,-0.003533173522900078,1,0,0,0
1771774507,A,46432,55,1771774507.916756,0.017947289529415118,0.001983886967026338,-0.003948745247717544,1,0,0,0
1771774507,A,46432,56,1771774507.916768,0.018064735765874272,0.0021405792670653456,-0.005080533277558294,1,0,0,0
1771774507,A,46432,57,1771774507.91678,0.018063157344793742,0.0021835500287739062,-0.005413904197374343,1,0,0,0
1771774507,A,46432,58,1771774507.9167922,0.018009202689907567,0.002252577274313272,-0.00597972249098272,1,0,0,0
1771774507,A,46432,59,1771774507.916804,0.017928451851541568,0.002288787078939203,-0.006321966264498345,1,0,0,0
1771774507,A,46432,60,1771774507.9168155,0.0178931444967243,0.00229255300213016,-0.006389785863344641,1,0,0,0
1771774507,A,46432,61,1771774507.916828,0.017825615273603896,0.0022772134199963157,-0.006337639938164358,1,0,0,0
1771774507,A,46432,62,1771774507.9168396,0.017714606402973274,0.002233458470583538,-0.006080490317863493,1,0,0,0
1771774508,A,20014,0,1771774508.592175,0,0,0,1,0,0,0
1771774508,A,20014,1,1771774508.5922112,-0.00014159074618738665,2.233528266559759e-06,-0.00010702644818821883,1,0,0,0
1771774508,A,20014,2,1771774508.592257,-0.00018447150970500592,2.7617959672210368e-05,-0.0002974493984964355,1,0,0,0
1771774508,A,20014,3,1771774508.5922978,-0.00016230414227378503,4.6533455713815286e-05,-0.00040074355015562446,1,0,0,0
1771774508,A,20014,4,1771774508.5923357,-0.00011045943083349413,9.486670521263729e-05,-0.000668596564942503,1,0,0,0
1771774508,A,20014,5,1771774508.5923722,-6.860434733375192e-05,0.00014282044051416865,-0.0009533907627281846,1,0,0,0
1771774508,A,20014,6,1771774508.5924022,6.56334069398315e-05,0.00019173275637440756,-0.0011778224264298864,1,0,0,0
1771774508,A,20014,7,1771774508.5924294,0.00037721134470548173,0.00025057746336276665,-0.0013498368907524372,1,0,0,0
1771774508,A,20014,8,1771774508.5925322,0.0008191563961354592,0.00032412568487438786,-0.00154463343891717,1,0,0,0
1771774508,A,20014,9,1771774508.5925672,0.001409291640864778,0.0004107385925348206,-0.0017444235794847607,1,0,0,0
1771774508,A,20014,10,1771774508.5925946,0.002358228500640297,0.0005163449430973799,-0.0018477612047817643,1,0,0,0
1771774508,A,20014,11,1771774508.5926218,0.0039020983467888473,0.0006587848760084558,-0.0018204441672326627,1,0,0,0
1771774508,A,20014,12,1771774508.592651,0.007172861679941675,0.000929475898845844,-0.0017652962000474642,1,0,0,0
1771774508,A,20014,13,1771774508.5926802,0.009517066553651365,0.0011528320559548444,-0.002075033008326968,1,0,0,0
1771774508,A,20014,14,1771774508.5927992,0.011754663600012975,0.0013961780786906353,-0.002636867763928824,1,0,0,0
1771774508,A,20014,15,1771774508.5928528,0.013804075425246722,0.001604744941189895,-0.003128845773452932,1,0,0,0
1771774508,A,20014,16,1771774508.5928886,0.015552170995586319,0.0017449312915293058,-0.003374408895820913,1,0,0,0
1771774508,A,20014,17,1771774508.592969,0.016919187374535998,0.0018267008457708567,-0.003439614465822277,1,0,0,0
1771774508,A,20014,18,1771774508.5929985,0.01747023018921845,0.0018517950557003227,-0.003421959125122165,1,0,0,0
1771774508,A,20014,19,1771774508.5930245,0.018688882999611148,0.0019016645771849916,-0.003362084444371513,1,0,0,0
1771774508,A,20014,20,1771774508.5930758,0.018960710008250243,0.0019148759944548344,-0.0033670124429453357,1,0,0,0
1771774508,A,20014,21,1771774508.5931046,0.019392694495335892,0.0019321289302458577,-0.0033731866410319916,1,0,0,0
1771774508,A,20014,22,1771774508.593134,0.019391393992291745,0.0019271944786437567,-0.003356746999089902,1,0,0,0
1771774508,A,20014,23,1771774508.5931845,0.01931410084006481,0.0019207867682472513,-0.003352930363322723,1,0,0,0
1771774514,A,92694,0,1771774514.693596,0,0,0,1,0,0,0
1771774514,A,92694,1,1771774514.6936274,-8.702640768539632e-05,0.00010708787432683886,-0.0006897616581558602,1,0,0,0
1771774514,A,92694,2,1771774514.6936655,-0.00014964388589464028,0.00016037944701535745,-0.001046039968583129,1,0,0,0
1771774514,A,92694,3,1771774514.6936917,-0.0001732084377760873,0.0001763915688395845,-0.0011602060105707496,1,0,0,0
1771774514,A,92694,4,1771774514.693717,-0.00028953694153062426,0.00016277400718983648,-0.0011873274068686102,1,0,0,0
1771774514,A,92694,5,1771774514.693742,-0.000368623552441584,8.700774332764949e-05,-0.0008071766605362574,1,0,0,0
1771774514,A,92694,6,1771774514.6937673,-0.00041678143141196666,-4.4684622090951365e-05,-9.355735989698133e-05,1,0,0,0
1771774514,A,92694,7,1771774514.693796,-0.0003941039553271991,-0.00024232003292101734,0.0010219030868861279,1,0,0,0
1771774514,A,92694,8,1771774514.6938207,-0.0003318803724457267,-0.0004980898763258246,0.0024925059475021383,1,0,0,0
1771774514,A,92694,9,1771774514.6938457,-0.00024024110495398515,-0.0007897101068992107,0.004181015418379994,1,0,0,0
1771774514,A,92694,10,1771774514.6938694,-7.493471962969483e-05,-0.0011407586749375698,0.006200147600555192,1,0,0,0
1771774514,A,92694,11,1771774514.6938949,0.00012016961948749239,-0.0015750365393675247,0.008638299026834745,1,0,0,0
1771774514,A,92694,12,1771774514.69392,0.00015573534600507588,-0.0020867587566125723,0.011336842339817937,1,0,0,0
1771774514,A,92694,13,1771774514.6939433,7.434158153504788e-05,-0.0028949274068212905,0.015312609300415753,1,0,0,0
1771774514,A,92694,14,1771774514.6939697,3.2650010085788495e-05,-0.0031572920519555847,0.01654320429573153,1,0,0,0
1771774514,A,92694,15,1771774514.693996,1.2161533802908242e-05,-0.003926056728941196,0.020107877738722718,1,0,0,0
1771774514,A,92694,16,1771774514.694019,0.00010189732093758563,-0.004386518509885029,0.022218091942877077,1,0,0,0
1771774514,A,92694,17,1771774514.694044,0.0003464159578253981,-0.004932632598391107,0.024737831187877757,1,0,0,0
1771774514,A,92694,18,1771774514.6940682,0.0006359457211659661,-0.005143923296528741,0.025783715029707402,1,0,0,0
1771774514,A,92694,19,1771774514.694092,0.0008508449334605761,-0.005196418859741536,0.026102611799588504,1,0,0,0
1771774514,A,92694,20,1771774514.6941156,0.0018178995971828843,-0.005139415810113346,0.02629770318235468,1,0,0,0
1771774514,A,92694,21,1771774514.6941402,0.0033025175760970638,-0.004767855225676465,0.025355928763940327,1,0,0,0
1771774514,A,92694,22,1771774514.6941645,0.00453745230514295,-0.004375297106388398,0.024181115658560487,1,0,0,0
1771774514,A,92694,23,1771774514.6941879,0.005865754515241989,-0.003928369671327037,0.022771723445495134,1,0,0,0
1771774514,A,92694,24,1771774514.6942122,0.007219218152621484,-0.0034572161228276777,0.021222527485302928,1,0,0,0
1771774514,A,92694,25,1771774514.6942382,0.009326391860697128,-0.002738901182001985,0.018728827544680346,1,0,0,0
1771774514,A,92694,26,1771774514.694265,0.01077403386242394,-0.0022530525014357594,0.016974966009344852,1,0,0,0
1771774514,A,92694,27,1771774514.6942897,0.011506725479664512,-0.0020092325690884705,0.01607416722690952,1,0,0,0
1771774514,A,92694,28,1771774514.6943142,0.012891461175611598,-0.0015260206273706722,0.014217485753307404,1,0,0,0
1771774514,A,92694,29,1771774514.694339,0.013497507537563291,-0.001289646158079416,0.013262073428183724,1,0,0,0
1771774514,A,92694,30,1771774514.6943648,0.014785754748568206,-0.0006465233379180924,0.010419450873246486,1,0,0,0
1771774514,A,92694,31,1771774514.6943932,0.01522944916635888,-0.0002929648087791614,0.008641388753303447,1,0,0,0
1771774514,A,92694,32,1771774514.694418,0.0153467407624567,1.4601959492266392e-05,0.006998071500479708,1,0,0,0
1771774514,A,92694,33,1771774514.6944456,0.015259101986305638,0.00030064711271254874,0.0053973330516905865,1,0,0,0
1771774514,A,92694,34,1771774514.6944704,0.01508163636843856,0.0005831413323721946,0.003723064274006538,1,0,0,0
1771774514,A,92694,35,1771774514.694496,0.014975686929475741,0.0007265941541821364,0.0028411026245541843,1,0,0,0
1771774514,A,92694,36,1771774514.6945221,0.014589579180653098,0.0011550223508218216,0.0001608630905099162,1,0,0,0
1771774514,A,92694,37,1771774514.6945496,0.014380375245586396,0.0013967619811079968,-0.0014047057892700165,1,0,0,0
1771774514,A,92694,38,1771774514.6945753,0.014321784628242726,0.001502340080663911,-0.0021043476918525122,1,0,0,0
1771774514,A,92694,39,1771774514.6946,0.014282891351119122,0.0017854176452494763,-0.0039954014693917295,1,0,0,0
1771774514,A,92694,40,1771774514.6946242,0.014370004610216255,0.0019443534748193048,-0.005057501673024503,1,0,0,0
1771774514,A,92694,41,1771774514.6946654,0.014502417718114773,0.002028165795290915,-0.005635096523674887,1,0,0,0
1771774515,A,88558,0,1771774515.893093,0,0,0,1,0,0,0
1771774515,A,88558,1,1771774515.8931198,-0.0009728441257758035,-0.0004179907725975207,0.002204482346390299,1,0,0,0
1771774515,A,88558,2,1771774515.8931482,-0.0014638411505411945,-0.0006846581973698473,0.0035419019255190642,1,0,0,0
1771774515,A,88558,3,1771774515.8931725,-0.0020429810380996026,-0.0009446474993297649,0.0047320116556906905,1,0,0,0
1771774515,A,88558,4,1771774515.8931916,-0.005627788043930718,-0.002055178166847471,0.0093596764061354,1,0,0,0
1771774515,A,88558,5,1771774515.8932118,-0.006799277595496093,-0.002352109441117356,0.010411203733294447,1,0,0,0
1771774515,A,88558,6,1771774515.8932896,-0.00904745260092905,-0.0029925094521034423,0.012719557609396054,1,0,0,0
1771774515,A,88558,7,1771774515.893315,-0.009643658899265713,-0.0032835201858092966,0.01391643001909254,1,0,0,0
1771774515,A,88558,8,1771774515.893565,-0.009589354357085796,-0.003310835213304608,0.014082075030467683,1,0,0,0
1771774515,A,88558,9,1771774515.8935943,-0.008879465209789866,-0.0032446739040177253,0.014112665961429183,1,0,0,0
1771774515,A,88558,10,1771774515.8936148,-0.008559375544079161,-0.003174360927791664,0.013907520192071157,1,0,0,0
1771774515,A,88558,11,1771774515.8936346,-0.008197751257422035,-0.003123030115753822,0.013818365516419573,1,0,0,0
1771774515,A,88558,12,1771774515.8941967,-0.00573865488385741,-0.0027543481494247124,0.013137945974336096,1,0,0,0
1771774515,A,88558,13,1771774515.894225,-0.004378623651303839,-0.002528014446921356,0.01259935158945652,1,0,0,0
1771774515,A,88558,14,1771774515.894245,-0.0027420692269719098,-0.0022555933355227764,0.011891595970216301,1,0,0,0
1771774515,A,88558,15,1771774515.8942642,-0.0009489741089773844,-0.0019459899258717495,0.010993279407768689,1,0,0,0
1771774515,A,88558,16,1771774515.8942866,0.0009558876132126776,-0.0016270182376253994,0.010014178911832552,1,0,0,0
1771774515,A,88558,17,1771774515.8943076,0.0030161116508403,-0.0013304574026953286,0.00914163881545188,1,0,0,0
1771774515,A,88558,18,1771774515.8943257,0.0051075046643157054,-0.0010864779059455154,0.008506562654797184,1,0,0,0
1771774515,A,88558,19,1771774515.894344,0.007037554590441489,-0.0009215780391937933,0.008191117139698459,1,0,0,0
1771774515,A,88558,20,1771774515.8943639,0.008770260062552604,-0.0008276813264528338,0.008120744109954434,1,0,0,0
1771774515,A,88558,21,1771774515.894382,0.010076933469500775,-0.00077725335626877,0.008155777425164407,1,0,0,0
1771774515,A,88558,22,1771774515.8944008,0.010837840698582062,-0.0007884912620425011,0.00835861432514877,1,0,0,0
1771774515,A,88558,23,1771774515.8944201,0.011147612682521787,-0.0008675828403618135,0.00880226164873274,1,0,0,0
1771774515,A,88558,24,1771774515.89444,0.011110382184502745,-0.0010022823048995155,0.009455028840355567,1,0,0,0
1771774515,A,88558,25,1771774515.8944604,0.010822050371442415,-0.001165252148250806,0.010176492056838238,1,0,0,0
1771774525,A,20247,0,1771774525.2583485,0,0,0,1,0,0,0
1771774525,A,20247,1,1771774525.2583828,6.249667890811245e-05,4.156528853982433e-05,-0.00021679730859182345,1,0,0,0
1771774525,A,20247,2,1771774525.258421,6.372012235388719e-05,7.227896100958642e-05,-0.00037788808203884083,1,0,0,0
1771774525,A,20247,3,1771774525.2585154,6.823351553891799e-05,3.805125913414198e-05,-0.00024358854361543336,1,0,0,0
1771774525,A,20247,4,1771774525.2585475,1.8806077827553114e-05,-0.00016987089906578268,0.000890099078834708,1,0,0,0
1771774525,A,20247,5,1771774525.2585773,-0.00033045581742247726,-0.0005146723333151471,0.0026137118689353728,1,0,0,0
1771774525,A,20247,6,1771774525.2586045,-0.0005014089772107239,-0.0006587973754395016,0.0033141543250512773,1,0,0,0
1771774525,A,20247,7,1771774525.2586327,-0.0012068440623857132,-0.0013925234676405163,0.006903171594456678,1,0,0,0
1771774525,A,20247,8,1771774525.2586613,-0.0017234497396013404,-0.0020225064971725604,0.009889510476018756,1,0,0,0
1771774525,A,20247,9,1771774525.2586908,-0.0020042521429592744,-0.002426369392265315,0.011827172094922345,1,0,0,0
1771774525,A,20247,10,1771774525.2587192,-0.0021430042162260826,-0.00304438068451518,0.014903358505014022,1,0,0,0
1771774525,A,20247,11,1771774525.2587473,-0.002096169113315699,-0.003437035199838623,0.01686121443688343,1,0,0,0
1771774525,A,20247,12,1771774525.258772,-0.0019286866326488974,-0.003789347561947265,0.01866831709840991,1,0,0,0
1771774525,A,20247,13,1771774525.2587986,-0.0018027382799213343,-0.003948902727206105,0.01950450874482723,1,0,0,0
1771774525,A,20247,14,1771774525.258826,-0.0014806654359424826,-0.00422961989404308,0.021010285474918122,1,0,0,0
1771774525,A,20247,15,1771774525.2588522,-0.0010881020776683653,-0.004450977135093903,0.02226172539729672,1,0,0,0
1771774525,A,20247,16,1771774525.2588856,-0.0008738557115498952,-0.004540016200008656,0.022789127496598185,1,0,0,0
1771774525,A,20247,17,1771774525.2589169,-0.00046105107696783193,-0.004695504204047296,0.02371454664930292,1,0,0,0
1771774525,A,20247,18,1771774525.2589417,0.00010568036082399257,-0.0048447551482140305,0.024714636830685005,1,0,0,0
1771774525,A,20247,19,1771774525.2589684,0.0006094186578213812,-0.004892434351248309,0.025185839129371973,1,0,0,0
1771774525,A,20247,20,1771774525.2590013,0.0018221186335075565,-0.00491120072668616,0.02587690600983683,1,0,0,0
1771774525,A,20247,21,1771774525.259027,0.002495863590316609,-0.0048953094121915175,0.026119134911528563,1,0,0,0
1771774525,A,20247,22,1771774525.2590544,0.0031260896856938752,-0.004863690546313526,0.02626631900058564,1,0,0,0
1771774525,A,20247,23,1771774525.2590795,0.0039044827777449873,-0.0048033306433650225,0.026335485415572485,1,0,0,0
1771774525,A,20247,24,1771774525.2591052,0.004510418700437148,-0.004734426792233071,0.026281513093151354,1,0,0,0
1771774525,A,20247,25,1771774525.25913,0.004955420182253471,-0.004658818865739045,0.02613942030679045,1,0,0,0
1771774525,A,20247,26,1771774525.2591548,0.005132813848255605,-0.004620389853800422,0.02605240195762168,1,0,0,0
1771774525,A,20247,27,1771774525.2591794,0.005260808471590946,-0.004595009509735015,0.02599098775173922,1,0,0,0
1771774525,A,20247,28,1771774525.2592041,0.005314012689121558,-0.00459034951136883,0.02598277151654199,1,0,0,0
1771774525,A,20247,29,1771774525.259229,0.005378608754631996,-0.00460093777760906,0.026024968020754463,1,0,0,0
1771774525,A,20247,30,1771774525.259254,0.005392649456529966,-0.004611966702719128,0.026063032734717148,1,0,0,0
1771774525,A,20247,31,1771774525.2592785,0.005409153221196485,-0.004640808539501051,0.026172248633619943,1,0,0,0
1771774525,A,20247,32,1771774525.259306,0.005426699276249364,-0.004657876836811514,0.026248945117356315,1,0,0,0
1771774525,A,20247,33,1771774525.2593312,0.005579432988520247,-0.004707372869561022,0.02652986907506802,1,0,0,0
1771774525,A,20247,34,1771774525.2593591,0.0058723877340711855,-0.0047382193809263895,0.026799841412696562,1,0,0,0
1771774525,A,20247,35,1771774525.2593856,0.006100757617343251,-0.004748560663840884,0.026959563109614768,1,0,0,0
1771774525,A,20247,36,1771774525.259411,0.006236764612307134,-0.00474431195327929,0.02701039015912718,1,0,0,0
1771774525,A,20247,37,1771774525.2594354,0.006555662356223936,-0.004708711190660297,0.02701640091973148,1,0,0,0
1771774525,A,20247,38,1771774525.2594612,0.006920625589096903,-0.004639105370649488,0.026899079964854578,1,0,0,0
1771774525,A,20247,39,1771774525.2594895,0.007335891656857427,-0.004539228775440218,0.026673016319683718,1,0,0,0
1771774525,A,20247,40,1771774525.2595177,0.007817805261391107,-0.004403529925767036,0.02631043036544975,1,0,0,0
1771774525,A,20247,41,1771774525.259552,0.008595690774157609,-0.0041450915540041655,0.02551096944299225,1,0,0,0
1771774525,A,20247,42,1771774525.2595766,0.009113833062165198,-0.00393981028532725,0.0247983671297404,1,0,0,0
1771774525,A,20247,43,1771774525.2596009,0.009375797967950766,-0.0038191985697215713,0.02436442633250302,1,0,0,0
1771774525,A,20247,44,1771774525.2596333,0.009945206639735221,-0.0035386013102779446,0.02335025998954432,1,0,0,0
1771774525,A,20247,45,1771774525.2596602,0.010561850548219502,-0.003233628891946283,0.022244710812088453,1,0,0,0
1771774525,A,20247,46,1771774525.259688,0.011189447911818272,-0.002933773249181759,0.021125384281205417,1,0,0,0
1771774525,A,20247,47,1771774525.2597172,0.01179737484733255,-0.002634675207864201,0.01996340483662573,1,0,0,0
1771774525,A,20247,48,1771774525.2597444,0.012423014482540413,-0.002344576615473659,0.01882221151986707,1,0,0,0
1771774525,A,20247,49,1771774525.2597737,0.013389069805106124,-0.0019453036309198812,0.01722161740669946,1,0,0,0
1771774525,A,20247,50,1771774525.2598016,0.013997497075284596,-0.0017078090344633257,0.016251211647189734,1,0,0,0
1771774525,A,20247,51,1771774525.2598271,0.014468528716951597,-0.0015028240079596467,0.015381915134067281,1,0,0,0
1771774525,A,20247,52,1771774525.2598546,0.014821825785415223,-0.0013089387201218328,0.01450031759876369,1,0,0,0
1771774525,A,20247,53,1771774525.259882,0.014970333249552638,-0.0012107265508476406,0.014036089852217284,1,0,0,0
1771774525,A,20247,54,1771774525.259909,0.015288781389922936,-0.0009164112061142982,0.01261005608633714,1,0,0,0
1771774525,A,20247,55,1771774525.259934,0.01535702182032999,-0.0008262527563248079,0.012168041117348802,1,0,0,0
1771774525,A,20247,56,1771774525.259964,0.015533637783414309,-0.0005889117769484198,0.010986167874584299,1,0,0,0
1771774525,A,20247,57,1771774525.2599916,0.01563480340567351,-0.0004539736629863844,0.010288014800273956,1,0,0,0
1771774525,A,20247,58,1771774525.2600179,0.015682467442511484,-0.0002678220384237928,0.009278302575863623,1,0,0,0
1771774525,A,20247,59,1771774525.2600439,0.01568734903769746,-0.00014522641034631079,0.008604847122939296,1,0,0,0
1771774525,A,20247,60,1771774525.260069,0.015690003978742484,-3.748438610662319e-05,0.008009425181168928,1,0,0,0
1771774525,A,20247,61,1771774525.2601,0.01565697696249497,4.8255459987212035e-05,0.00752852356226133,1,0,0,0
1771774525,A,20247,62,1771774525.260128,0.015568350354108258,0.00010149730841330085,0.0071940842683521355,1,0,0,0
1771774525,A,20247,63,1771774525.2601604,0.01546240905596824,0.00013100528020315583,0.006972983627105606,1,0,0,0
1771774525,A,20247,64,1771774525.2601857,0.015344010969501075,0.00017762136240290216,0.006625296946962081,1,0,0,0
1771774525,A,20247,65,1771774525.260245,0.015323080500219424,0.00019977385855951546,0.006483166801922402,1,0,0,0
1771774525,A,20247,66,1771774525.260274,0.015290211948832046,0.00025439166699764426,0.006169564038524852,1,0,0,0
1771774525,A,20247,67,1771774525.2602997,0.01521838878068632,0.0002489115418759513,0.006138276950605204,1,0,0,0
1771774525,A,20247,68,1771774525.2603247,0.01508600892646373,0.0002233475880328295,0.00619712780637402,1,0,0,0
1771774525,A,20247,69,1771774525.2603495,0.014890365374471762,0.00019354916830471858,0.006259922599979706,1,0,0,0
1771774525,A,20247,70,1771774525.2603736,0.014774469721297014,0.0001778373829388058,0.006287325514385808,1,0,0,0
1771774525,A,20247,71,1771774525.2610793,0.014519628076341877,0.00014591739713587515,0.006318728046047731,1,0,0,0
1771774525,A,20247,72,1771774525.261126,0.014378540564385922,0.00012969698040965483,0.00632333734073183,1,0,0,0
1771774525,A,20247,73,1771774525.2627308,0.014047652231378015,9.52792869879926e-05,0.0063191782156753196,1,0,0,0
1771774525,A,20247,74,1771774525.262774,0.013633145830633554,4.9744856667643944e-05,0.006338244280179428,1,0,0,0
1771774525,A,20247,75,1771774525.2627966,0.013409956451167215,2.2240947619711626e-05,0.006364087532707868,1,0,0,0
1771774525,A,20247,76,1771774525.2628257,0.0131875345620946,-2.3041391500333575e-06,0.0063717596772421,1,0,0,0
1771774525,A,20247,77,1771774525.262856,0.01276263068748585,-3.857853333050221e-05,0.006307370088846284,1,0,0,0
1771774525,A,20247,78,1771774525.262889,0.012345780875222444,-6.536104513815699e-05,0.006169046393058597,1,0,0,0
1771774525,A,20247,79,1771774525.2629194,0.011905113364983753,-0.0001053577228047331,0.006111515199343748,1,0,0,0
1771774525,A,20247,80,1771774525.2629435,0.011429211710341995,-0.00017258320708668506,0.006224429193919689,1,0,0,0
1771774525,A,20247,81,1771774525.2629678,0.010899723157492179,-0.00027080791235278845,0.006456955967644035,1,0,0,0
1771774525,A,20247,82,1771774525.2629924,0.010235194714016904,-0.0003920905832359711,0.006699509253470029,1,0,0,0
1771774525,A,20247,83,1771774525.2630193,0.009349636533517593,-0.0005515355059028115,0.007042202322060376,1,0,0,0
1771774525,A,20247,84,1771774525.2630455,0.008830741543632614,-0.000653070731270966,0.007306443607367291,1,0,0,0
1771774525,A,20247,85,1771774525.2630696,0.007640105050832978,-0.0009189773744557872,0.008087097573365648,1,0,0,0
1771774525,A,20247,86,1771774525.2631047,0.0069817271127404976,-0.001073323321852504,0.008553136552259186,1,0,0,0
1771774525,A,20247,87,1771774525.263136,0.006299904767742226,-0.0012366180145229055,0.009042040324577352,1,0,0,0
1771774525,A,20247,88,1771774525.2631612,0.003481538784359882,-0.0019034292300686984,0.01094738067551193,1,0,0,0
1771774525,A,20247,89,1771774525.263188,0.0013754284926751972,-0.002373093854673658,0.01221793903425479,1,0,0,0
1771774525,A,20247,90,1771774525.2632155,9.065719541486578e-05,-0.0026846490433045656,0.013061203816541411,1,0,0,0
1771774525,A,20247,91,1771774525.2632422,-0.0005133363457425003,-0.002839386818167644,0.013479899330038403,1,0,0,0
1771774525,A,20247,92,1771774525.2632692,-0.0010947161260515537,-0.002991816010918691,0.01389028867379219,1,0,0,0
1771774525,A,20247,93,1771774525.263294,-0.002707338563795743,-0.0034159020927100325,0.014979791594601916,1,0,0,0
1771774525,A,20247,94,1771774525.2633207,-0.00319619138732289,-0.003547091015377868,0.01531169770342522,1,0,0,0
1771774525,A,20247,95,1771774525.2633436,-0.004122256136618055,-0.003795128714317586,0.015922039923272846,1,0,0,0
1771774525,A,20247,96,1771774525.263367,-0.004951467995660298,-0.004020454252164629,0.01647697234720774,1,0,0,0
1771774525,A,20247,97,1771774525.2633915,-0.005316446824605796,-0.004125995796967097,0.0167485415414223,1,0,0,0
1771774525,A,20247,98,1771774525.2634182,-0.005898888226774847,-0.004328915648397991,0.017332940435766234,1,0,0,0
1771774525,A,20247,99,1771774525.263445,-0.00611982239767269,-0.004424646923297637,0.0176387103109982,1,0,0,0
1771774525,A,20247,100,1771774525.2634678,-0.006310910937153136,-0.004514249330902775,0.017937487850002737,1,0,0,0
1771774525,A,20247,101,1771774525.2634962,-0.006475081793172785,-0.004596651526295292,0.01822190063434849,1,0,0,0
1771774525,A,20247,102,1771774525.2635245,-0.006757323161391687,-0.0047400404567021215,0.01872289889966605,1,0,0,0
1771774525,A,20247,103,1771774525.2635534,-0.007028216904249429,-0.0048657708607682815,0.01915112201063493,1,0,0,0
1771774525,A,20247,104,1771774525.2635834,-0.007154375712458146,-0.004926590960438348,0.019358150429674162,1,0,0,0
1771774525,A,20247,105,1771774525.263611,-0.007271288960970228,-0.00498663701217128,0.019562212116594424,1,0,0,0
1771774525,A,20247,106,1771774525.2636352,-0.0074924877238586665,-0.005101596333627723,0.019945144114803123,1,0,0,0
1771774525,A,20247,107,1771774525.2636597,-0.007681326968813705,-0.005195953559716526,0.020238920925241766,1,0,0,0
1771774525,A,20247,108,1771774525.2636826,-0.00779910489050914,-0.005263208579313061,0.02046177086506211,1,0,0,0
1771774525,A,20247,109,1771774525.2637062,-0.007831787250637677,-0.00528672481983955,0.020549782053098903,1,0,0,0
1771774525,A,20247,110,1771774525.2637305,-0.007855941051540492,-0.0053037564067730525,0.020613788677771056,1,0,0,0
1771774525,A,20247,111,1771774525.2637577,-0.007869993052407633,-0.005313963572710356,0.020650951286746724,1,0,0,0
1771774525,A,20247,112,1771774525.263784,-0.007860309297493387,-0.005316688371582945,0.02066690032621077,1,0,0,0
1771774525,A,20247,113,1771774525.2638102,-0.007815990056966919,-0.005311171191005992,0.02066670526127512,1,0,0,0
1771774525,A,20247,114,1771774525.2638335,-0.0077273303001084565,-0.0052967886440586365,0.020654919075161288,1,0,0,0
1771774525,A,20247,115,1771774525.2638588,-0.007435267488713725,-0.005242668472619116,0.020588457169101293,1,0,0,0
1771774525,A,20247,116,1771774525.263884,-0.007242357050401403,-0.005204863063396958,0.020535166062516805,1,0,0,0
1771774525,A,20247,117,1771774525.2639103,-0.007018349437496407,-0.005161350853095548,0.020475564075513736,1,0,0,0
1771774525,A,20247,118,1771774525.2639372,-0.006518210022316798,-0.005076877100247401,0.020399728022837724,1,0,0,0
1771774525,A,20247,119,1771774525.2639625,-0.006270331226655566,-0.005042069424378792,0.020393061632642068,1,0,0,0
1771774525,A,20247,120,1771774525.2639887,-0.006031093772997667,-0.005014908991807787,0.020413380013191568,1,0,0,0
1771774525,A,20247,121,1771774525.264019,-0.0057885055145727934,-0.004994394744806563,0.020464720283160945,1,0,0,0
1771774525,A,20247,122,1771774525.2640567,-0.0052348990361922865,-0.004961778447867493,0.020636474314943087,1,0,0,0
1771774525,A,20247,123,1771774525.264095,-0.0045513942044810435,-0.00492833061927983,0.020867306788635492,1,0,0,0
1771774525,A,20247,124,1771774525.2641308,-0.003771839578707324,-0.004890715974279036,0.021140239621467855,1,0,0,0
1771774525,A,20247,125,1771774525.2641587,-0.002360400333961697,-0.004802264180066795,0.021532372317289092,1,0,0,0
1771774525,A,20247,126,1771774525.2641873,-0.0012283523089197806,-0.004699254919393658,0.02169257129011866,1,0,0,0
1771774525,A,20247,127,1771774525.2642145,-0.0006128859201387574,-0.004628983199795211,0.021716745034737445,1,0,0,0
1771774525,A,20247,128,1771774525.2642424,0.0007259765933674625,-0.004447788408305342,0.021639440701943985,1,0,0,0
1771774525,A,20247,129,1771774525.2643456,0.0014666297082662136,-0.004339539790655156,0.0215408887078377,1,0,0,0
1771774525,A,20247,130,1771774525.2643752,0.0031492214791870657,-0.0040942182066247,0.021257903828142022,1,0,0,0
1771774525,A,20247,131,1771774525.2643995,0.004995592965023381,-0.0038282303378898153,0.020920796179682552,1,0,0,0
1771774525,A,20247,132,1771774525.264423,0.007718277176030949,-0.0033998782474416456,0.020161335293182897,1,0,0,0
1771774525,A,20247,133,1771774525.2644463,0.008572576100065392,-0.003254578541821984,0.019844837643810898,1,0,0,0
1771774525,A,20247,134,1771774525.2644699,0.009402675163557549,-0.0031138343193944373,0.019526550102753587,1,0,0,0
1771774525,A,20247,135,1771774525.264493,0.01020052864520652,-0.0029857162453483244,0.019241497061471005,1,0,0,0
1771774525,A,20247,136,1771774525.2645168,0.01095464662379754,-0.002875222745745587,0.019009315378584038,1,0,0,0
1771774525,A,20247,137,1771774525.2645411,0.012332929113535618,-0.0027093486035526526,0.01871616986193715,1,0,0,0
1771774525,A,20247,138,1771774525.264571,0.012966880219256377,-0.0026475171085363902,0.018633708097925875,1,0,0,0
1771774525,A,20247,139,1771774525.264654,0.01356259513288622,-0.0025932218979433097,0.01857276242646741,1,0,0,0
1771774525,A,20247,140,1771774525.2646933,0.01411878237753196,-0.00254492173981663,0.018528287389040304,1,0,0,0
1771774525,A,20247,141,1771774525.2647185,0.015117144903389647,-0.002458795451320217,0.018457370132297396,1,0,0,0
1771774525,A,20247,142,1771774525.264745,0.015563654388361839,-0.002418212924013674,0.0184191623703822,1,0,0,0
1771774525,A,20247,143,1771774525.2647703,0.01597523391448096,-0.0023777716222788126,0.018366224938039202,1,0,0,0
1771774525,A,20247,144,1771774525.2647932,0.016355970731123444,-0.002338963459708965,0.018300059231859983,1,0,0,0
1771774525,A,20247,145,1771774525.264843,0.017023866379548856,-0.002265994636173163,0.01814230207709612,1,0,0,0
1771774525,A,20247,146,1771774525.2648706,0.017597669550621246,-0.0021985010490997436,0.017974285435307602,1,0,0,0
1771774525,A,20247,147,1771774525.2648978,0.018139247623912565,-0.0021427703401719622,0.01783993140798737,1,0,0,0
1771774525,A,20247,148,1771774525.2649257,0.018391377746551352,-0.002116252030634369,0.017777060188235855,1,0,0,0
1771774525,A,20247,149,1771774525.2649512,0.01884956192025912,-0.0020668343706333747,0.01767033619738359,1,0,0,0
1771774525,A,20247,150,1771774525.2649782,0.019260074063470082,-0.002035671033174591,0.017622749293615958,1,0,0,0
1771774525,A,20247,151,1771774525.2650058,0.019622202392515938,-0.0020218206923829918,0.017629987921302215,1,0,0,0
1771774525,A,20247,152,1771774525.2650447,0.019943515348398666,-0.0020074227421199575,0.017642915997590047,1,0,0,0
1771774525,A,20247,153,1771774525.265072,0.020093813412699554,-0.002000296231628451,0.017645787598338153,1,0,0,0
1771774525,A,20247,154,1771774525.2650988,0.020238126581310904,-0.00199535868336731,0.017651013251854003,1,0,0,0
1771774525,A,20247,155,1771774525.265124,0.020506871969667433,-0.0019994150461913884,0.017705784679700576,1,0,0,0
1771774525,A,20247,156,1771774525.2651494,0.020628226901224903,-0.0020060075363670937,0.017748414971795273,1,0,0,0
1771774525,A,20247,157,1771774525.2651749,0.02074129800993101,-0.0020118467656455863,0.017789610586107993,1,0,0,0
1771774525,A,20247,158,1771774525.2652,0.020849085814090142,-0.00201688312263959,0.017829274948905932,1,0,0,0
1771774525,A,20247,159,1771774525.2652254,0.021048293570380266,-0.002027790306453059,0.017908478815592155,1,0,0,0
1771774525,A,20247,160,1771774525.2652519,0.021298106671867132,-0.0020530939712773977,0.018026703994176635,1,0,0,0
1771774525,A,20247,161,1771774525.265278,0.021449679832096183,-0.0020752038479933677,0.018110656168453212,1,0,0,0
1771774525,A,20247,162,1771774525.2654195,0.021522482376059894,-0.0020911846198072848,0.018177977601452053,1,0,0,0
1771774525,A,20247,163,1771774525.2654512,0.021587967365774972,-0.0021168252117816366,0.01827858999638901,1,0,0,0
1771774525,A,20247,164,1771774525.2654781,0.02161725662026378,-0.002133120982059311,0.018340292567413152,1,0,0,0
1771774525,A,20247,165,1771774525.2655032,0.021655129122106206,-0.002173863106380347,0.018492667432811458,1,0,0,0
1771774525,A,20247,166,1771774525.2655299,0.021649876820829715,-0.0022209573995319865,0.01867227764946143,1,0,0,0
1771774525,A,20247,167,1771774525.265557,0.02164152280522108,-0.002244315572523581,0.018762195764378375,1,0,0,0
1771774525,A,20247,168,1771774525.2655833,0.02163823894186029,-0.0022878061248871595,0.018925318117119908,1,0,0,0
1771774525,A,20247,169,1771774525.265616,0.02164015358728025,-0.0023265454882301917,0.01906083259605354,1,0,0,0
1771774525,A,20247,170,1771774525.265641,0.02161298820874578,-0.0023711036911053807,0.019216467856761676,1,0,0,0
1771774525,A,20247,171,1771774525.265666,0.021588918672406823,-0.0023963822131015666,0.019304810114034024,1,0,0,0
1771774525,A,98965,0,1771774525.6623406,0,0,0,1,0,0,0
1771774525,A,98965,1,1771774525.6623762,1.8584200927710542e-05,-2.3808492955412763e-05,0.00010206164832345099,1,0,0,0
1771774525,A,98965,2,1771774525.6624155,0.00011387168533977254,-6.407706901090382e-05,0.0003204710689835577,1,0,0,0
1771774525,A,98965,3,1771774525.662446,0.00021508489607420175,-0.00011351866359732288,0.0005780036867311239,1,0,0,0
1771774525,A,98965,4,1771774525.6624737,0.00020974668675060107,-0.00013467427452606984,0.0006648055672500292,1,0,0,0
1771774525,A,98965,5,1771774525.6625001,0.00017404653533203973,-0.00020568659704045533,0.0009433309769694559,1,0,0,0
1771774525,A,98965,6,1771774525.6625264,0.00015575782376625602,-0.00027147194327387103,0.0011822047546674458,1,0,0,0
1771774525,A,98965,7,1771774525.6625547,0.00017491617156821862,-0.00030941889270741374,0.0013388166090506637,1,0,0,0
1771774525,A,98965,8,1771774525.662578,0.00020477666937876102,-0.00032427623271047423,0.001409587151111405,1,0,0,0
1771774525,A,98965,9,1771774525.662603,0.00029247813371644296,-0.00034409571287430385,0.0015041342989786377,1,0,0,0
1771774525,A,98965,10,1771774525.6626291,0.0003978004259420631,-0.0003512851077538959,0.0015423086894840593,1,0,0,0
1771774525,A,98965,11,1771774525.6626546,0.00045824215361839685,-0.00035221994351652963,0.0015518170683683913,1,0,0,0
1771774525,A,98965,12,1771774525.66268,0.0005294446270935893,-0.0003512011408927651,0.0015606888920534495,1,0,0,0
1771774525,A,98965,13,1771774525.6627083,0.0006111299357245692,-0.0003485855186978748,0.0015637760716347704,1,0,0,0
1771774525,A,98965,14,1771774525.6627436,0.0007017363836344173,-0.0003455496703466121,0.0015632302550045857,1,0,0,0
1771774525,A,98965,15,1771774525.6627753,0.0007985240947853238,-0.00034196938046537895,0.001559697160196119,1,0,0,0
1771774525,A,98965,16,1771774525.6628027,0.0009033239759736814,-0.00033485749277872845,0.0015405876890635661,1,0,0,0
1771774525,A,98965,17,1771774525.6629093,0.0010224910882246918,-0.0003232255713250254,0.0015048019917039551,1,0,0,0
1771774525,A,98965,18,1771774525.662948,0.0011609598571935865,-0.00030533954330208557,0.0014466812434018456,1,0,0,0
1771774525,A,98965,19,1771774525.662981,0.0013220109607626207,-0.0002812054204085479,0.001367760072614202,1,0,0,0
1771774525,A,98965,20,1771774525.6630113,0.0015066617804602167,-0.00025070956872863537,0.001265072446953161,1,0,0,0
1771774525,A,98965,21,1771774525.6630514,0.0021579215094625764,-0.00015826707285693242,0.0009516739501213983,1,0,0,0
1771774525,A,98965,22,1771774525.6630797,0.0026071350453161536,-0.00011220746619661215,0.0008026408832090964,1,0,0,0
1771774525,A,98965,23,1771774525.66312,0.0029898579699091064,-8.66690946378923e-05,0.0007431193169700062,1,0,0,0
1771774525,A,98965,24,1771774525.6631606,0.0032620544482125993,-9.262737179088765e-05,0.0008054206393298402,1,0,0,0
1771774525,A,98965,25,1771774525.6631982,0.0033585893748987253,-0.00010707681342270181,0.0008775797929654744,1,0,0,0
1771774525,A,98965,26,1771774525.6632302,0.0034319700078569264,-0.00012563478323390775,0.0009630694565342796,1,0,0,0
1771774525,A,98965,27,1771774525.6632721,0.0034865860425651804,-0.00014431147605564743,0.0010489556890766888,1,0,0,0
1771774525,A,98965,28,1771774525.6633098,0.003552926470106521,-0.00017818431650318267,0.001190766542784355,1,0,0,0
1771774525,A,98965,29,1771774525.6633568,0.0035884914149892574,-0.00021212324509867209,0.0013099938953190643,1,0,0,0
1771774525,A,98965,30,1771774525.6633954,0.0035943680989274952,-0.00023075580647480276,0.0013729526509750484,1,0,0,0
1771774525,A,98965,31,1771774525.6634388,0.0035782522194153996,-0.0002722013284630065,0.0015093996270908044,1,0,0,0
1771774525,A,98965,32,1771774525.663478,0.0035552216090336645,-0.000294963869903353,0.0015787019951596093,1,0,0,0
1771774525,A,98965,33,1771774525.66352,0.0035218927163933843,-0.0003200081510211783,0.0016572654451469243,1,0,0,0
1771774525,A,98965,34,1771774525.663551,0.0034349330389315605,-0.0003705981544093184,0.0018199859092792453,1,0,0,0
1771774525,A,98965,35,1771774525.663583,0.0033671366379519965,-0.00039800631768366346,0.0019011345251461476,1,0,0,0
1771774525,A,98965,36,1771774525.6636128,0.003270049160891318,-0.0004261904373872305,0.0019701965593393045,1,0,0,0
